Timestamp,Time of Day (min),Weather ID (#),Model,Label,Confidence (%),Size (px^2),AEB (bool),DTC (m),Throttle (%),Steering (%),Brake (%),Handbrake (%),PosX (m),PosY (m),PosZ (m),RotX (rad),RotY (rad),RotZ (rad),Collisions (#)
2024-03-18 17:17:47.850119,1020,1,yolov2-tiny,,0.0,,0,148.03,0.0,0.0,0.0,0.0,-208.24,-263.091,342.014,0.002,0.004,1.802,0
2024-03-18 17:17:48.257474,1020,1,yolov2-tiny,,0.0,,0,148.03,0.2,0.0,0.0,0.0,-208.24,-263.091,342.014,0.001,0.004,1.802,0
2024-03-18 17:17:48.589546,1020,1,yolov2-tiny,,0.0,,0,148.02,0.2,0.0,0.0,0.0,-208.24,-263.086,342.014,0.001,0.004,1.802,0
2024-03-18 17:17:49.013529,1020,1,yolov2-tiny,,0.0,,0,148.01,0.2,0.0,0.0,0.0,-208.244,-263.072,342.014,0.001,0.004,1.802,0
2024-03-18 17:17:49.446909,1020,1,yolov2-tiny,,0.0,,0,147.98,0.2,0.0,0.0,0.0,-208.249,-263.047,342.014,0.001,0.004,1.802,0
2024-03-18 17:17:49.881979,1020,1,yolov2-tiny,,0.0,,0,147.95,0.2,0.0,0.0,0.0,-208.259,-263.012,342.013,0.001,0.004,1.802,0
2024-03-18 17:17:50.355695,1020,1,yolov2-tiny,,0.0,,0,147.9,0.2,0.0,0.0,0.0,-208.269,-262.966,342.013,0.001,0.004,1.802,0
2024-03-18 17:17:50.727428,1020,1,yolov2-tiny,,0.0,,0,147.84,0.2,0.0,0.0,0.0,-208.282,-262.909,342.013,0.001,0.004,1.802,0
2024-03-18 17:17:51.156855,1020,1,yolov2-tiny,,0.0,,0,147.77,0.2,0.0,0.0,0.0,-208.298,-262.842,342.012,0.002,0.004,1.802,0
2024-03-18 17:17:51.607888,1020,1,yolov2-tiny,,0.0,,0,147.69,0.2,0.0,0.0,0.0,-208.316,-262.765,342.012,0.001,0.004,1.802,0
2024-03-18 17:17:52.012866,1020,1,yolov2-tiny,,0.0,,0,147.6,0.2,0.0,0.0,0.0,-208.337,-262.676,342.012,0.001,0.004,1.802,0
2024-03-18 17:17:52.434064,1020,1,yolov2-tiny,,0.0,,0,147.5,0.2,0.0,0.0,0.0,-208.36,-262.577,342.011,0.001,0.004,1.802,0
2024-03-18 17:17:52.841301,1020,1,yolov2-tiny,,0.0,,0,147.39,0.2,0.0,0.0,0.0,-208.387,-262.465,342.011,0.002,0.004,1.802,0
2024-03-18 17:17:53.306719,1020,1,yolov2-tiny,,0.0,,0,147.26,0.2,0.0,0.0,0.0,-208.415,-262.342,342.01,0.001,0.004,1.802,0
2024-03-18 17:17:53.714006,1020,1,yolov2-tiny,,0.0,,0,147.12,0.2,0.0,0.0,0.0,-208.447,-262.208,342.009,0.001,0.004,1.802,0
2024-03-18 17:17:54.152630,1020,1,yolov2-tiny,,0.0,,0,146.97,0.2,0.0,0.0,0.0,-208.482,-262.063,342.009,0.001,0.004,1.802,0
2024-03-18 17:17:54.574068,1020,1,yolov2-tiny,,0.0,,0,146.81,0.2,0.0,0.0,0.0,-208.518,-261.906,342.008,0.001,0.004,1.802,0
2024-03-18 17:17:54.988694,1020,1,yolov2-tiny,,0.0,,0,146.64,0.2,0.0,0.0,0.0,-208.559,-261.737,342.007,0.002,0.004,1.802,0
2024-03-18 17:17:55.412068,1020,1,yolov2-tiny,,0.0,,0,146.45,0.2,0.0,0.0,0.0,-208.601,-261.557,342.006,0.004,0.004,1.802,0
2024-03-18 17:17:55.909605,1020,1,yolov2-tiny,,0.0,,0,146.25,0.2,0.0,0.0,0.0,-208.646,-261.363,342.005,0.005,0.004,1.802,0
2024-03-18 17:17:56.347490,1020,1,yolov2-tiny,,0.0,,0,146.04,0.2,0.0,0.0,0.0,-208.695,-261.158,342.004,6.283,0.003,1.802,0
2024-03-18 17:17:56.725438,1020,1,yolov2-tiny,,0.0,,0,145.82,0.2,0.0,0.0,0.0,-208.745,-260.942,342.004,6.283,0.003,1.802,0
2024-03-18 17:17:57.160748,1020,1,yolov2-tiny,,0.0,,0,145.59,0.2,0.0,0.0,0.0,-208.8,-260.712,342.003,6.283,0.003,1.802,0
2024-03-18 17:17:57.591205,1020,1,yolov2-tiny,,0.0,,0,145.34,0.2,0.0,0.0,0.0,-208.857,-260.47,342.002,6.283,0.003,1.802,0
2024-03-18 17:17:58.023573,1020,1,yolov2-tiny,,0.0,,0,145.08,0.2,0.0,0.0,0.0,-208.916,-260.216,342.001,6.283,0.003,1.802,0
2024-03-18 17:17:58.494703,1020,1,yolov2-tiny,,0.0,,0,144.8,0.2,0.0,0.0,0.0,-208.98,-259.949,342.0,6.283,0.003,1.802,0
2024-03-18 17:17:58.922039,1020,1,yolov2-tiny,,0.0,,0,144.52,0.2,0.0,0.0,0.0,-209.045,-259.67,341.999,6.283,0.003,1.802,0
2024-03-18 17:17:59.370468,1020,1,yolov2-tiny,,0.0,,0,144.22,0.2,0.0,0.0,0.0,-209.114,-259.378,341.997,6.283,0.003,1.802,0
2024-03-18 17:17:59.794114,1020,1,yolov2-tiny,,0.0,,0,143.9,0.2,0.0,0.0,0.0,-209.186,-259.073,341.996,6.283,0.003,1.802,0
2024-03-18 17:18:00.211159,1020,1,yolov2-tiny,,0.0,,0,143.58,0.2,0.0,0.0,0.0,-209.261,-258.755,341.995,6.283,0.003,1.802,0
2024-03-18 17:18:00.633264,1020,1,yolov2-tiny,,0.0,,0,143.24,0.2,0.0,0.0,0.0,-209.339,-258.424,341.994,6.283,0.003,1.802,0
2024-03-18 17:18:01.078772,1020,1,yolov2-tiny,,0.0,,0,142.88,0.2,0.0,0.0,0.0,-209.42,-258.08,341.993,6.283,0.003,1.802,0
2024-03-18 17:18:01.497171,1020,1,yolov2-tiny,,0.0,,0,142.51,0.2,0.0,0.0,0.0,-209.504,-257.723,341.991,6.283,0.003,1.802,0
2024-03-18 17:18:01.946483,1020,1,yolov2-tiny,,0.0,,0,142.13,0.2,0.0,0.0,0.0,-209.591,-257.353,341.99,6.283,0.003,1.802,0
2024-03-18 17:18:02.376406,1020,1,yolov2-tiny,,0.0,,0,141.74,0.2,0.0,0.0,0.0,-209.682,-256.969,341.989,6.283,0.003,1.802,0
2024-03-18 17:18:02.789448,1020,1,yolov2-tiny,,0.0,,0,141.33,0.2,0.0,0.0,0.0,-209.775,-256.572,341.988,6.283,0.003,1.802,0
2024-03-18 17:18:03.222560,1020,1,yolov2-tiny,,0.0,,0,140.91,0.2,0.0,0.0,0.0,-209.872,-256.162,341.986,6.283,0.003,1.802,0
2024-03-18 17:18:03.635900,1020,1,yolov2-tiny,,0.0,,0,140.48,0.2,0.0,0.0,0.0,-209.972,-255.738,341.985,6.283,0.002,1.802,0
2024-03-18 17:18:04.056118,1020,1,yolov2-tiny,,0.0,,0,140.03,0.2,0.0,0.0,0.0,-210.076,-255.3,341.984,6.283,0.002,1.802,0
2024-03-18 17:18:04.472486,1020,1,yolov2-tiny,,0.0,,0,139.56,0.2,0.0,0.0,0.0,-210.182,-254.848,341.982,6.283,0.002,1.802,0
2024-03-18 17:18:04.885965,1020,1,yolov2-tiny,,0.0,,0,139.08,0.2,0.0,0.0,0.0,-210.291,-254.383,341.981,6.282,0.002,1.802,0
2024-03-18 17:18:05.307005,1020,1,yolov2-tiny,,0.0,,0,138.59,0.2,0.0,0.0,0.0,-210.405,-253.904,341.98,6.282,0.002,1.802,0
2024-03-18 17:18:05.738576,1020,1,yolov2-tiny,,0.0,,0,138.08,0.2,0.0,0.0,0.0,-210.521,-253.411,341.978,6.282,0.002,1.802,0
2024-03-18 17:18:06.168090,1020,1,yolov2-tiny,,0.0,,0,137.56,0.2,0.0,0.0,0.0,-210.64,-252.904,341.977,6.282,0.002,1.802,0
2024-03-18 17:18:06.589267,1020,1,yolov2-tiny,,0.0,,0,137.03,0.2,0.0,0.0,0.0,-210.763,-252.384,341.976,6.282,0.002,1.802,0
2024-03-18 17:18:07.016552,1020,1,yolov2-tiny,,0.0,,0,136.48,0.2,0.0,0.0,0.0,-210.889,-251.849,341.975,6.282,0.002,1.802,0
2024-03-18 17:18:07.432593,1020,1,yolov2-tiny,,0.0,,0,135.92,0.2,0.0,0.0,0.0,-211.018,-251.301,341.973,6.282,0.001,1.802,0
2024-03-18 17:18:07.851819,1020,1,yolov2-tiny,,0.0,,0,135.34,0.2,0.0,0.0,0.0,-211.151,-250.738,341.972,6.282,0.001,1.802,0
2024-03-18 17:18:08.281898,1020,1,yolov2-tiny,,0.0,,0,134.75,0.2,0.0,0.0,0.0,-211.287,-250.162,341.971,6.283,0.001,1.802,0
2024-03-18 17:18:08.699549,1020,1,yolov2-tiny,,0.0,,0,134.14,0.2,0.0,0.0,0.0,-211.426,-249.571,341.97,6.283,0.001,1.802,0
2024-03-18 17:18:09.133126,1020,1,yolov2-tiny,,0.0,,0,133.52,0.2,0.0,0.0,0.0,-211.568,-248.967,341.969,6.283,0.001,1.802,0
2024-03-18 17:18:09.560477,1020,1,yolov2-tiny,car,64.81,4686,1,132.88,0.2,0.0,0.0,0.0,-211.714,-248.349,341.968,6.283,0.001,1.802,0
2024-03-18 17:18:09.983785,1020,1,yolov2-tiny,,0.0,,0,132.28,0.0,0.0,1.0,0.0,-211.853,-247.758,341.973,6.283,0.004,1.802,0
2024-03-18 17:18:10.392917,1020,1,yolov2-tiny,,0.0,,0,132.05,0.2,0.0,0.0,0.0,-211.906,-247.533,341.983,6.283,0.01,1.802,0
2024-03-18 17:18:10.833087,1020,1,yolov2-tiny,,0.0,,0,131.89,0.2,0.0,0.0,0.0,-211.942,-247.382,341.961,6.283,6.28,1.802,0
2024-03-18 17:18:11.299529,1020,1,yolov2-tiny,,0.0,,0,131.73,0.2,0.0,0.0,0.0,-211.978,-247.227,341.967,6.283,0.001,1.802,0
2024-03-18 17:18:11.744034,1020,1,yolov2-tiny,,0.0,,0,131.56,0.2,0.0,0.0,0.0,-212.018,-247.061,341.968,6.283,0.001,1.802,0
2024-03-18 17:18:12.206349,1020,1,yolov2-tiny,,0.0,,0,131.38,0.2,0.0,0.0,0.0,-212.059,-246.886,341.966,6.283,0.0,1.802,0
2024-03-18 17:18:12.664734,1020,1,yolov2-tiny,,0.0,,0,131.19,0.2,0.0,0.0,0.0,-212.102,-246.701,341.967,6.283,0.001,1.802,0
2024-03-18 17:18:13.116531,1020,1,yolov2-tiny,,0.0,,0,130.99,0.2,0.0,0.0,0.0,-212.148,-246.508,341.966,6.283,0.001,1.802,0
2024-03-18 17:18:13.563865,1020,1,yolov2-tiny,,0.0,,0,130.78,0.2,0.0,0.0,0.0,-212.196,-246.304,341.966,6.283,0.0,1.802,0
2024-03-18 17:18:14.023237,1020,1,yolov2-tiny,,0.0,,0,130.56,0.2,0.0,0.0,0.0,-212.246,-246.091,341.966,6.283,0.0,1.802,0
2024-03-18 17:18:14.463874,1020,1,yolov2-tiny,,0.0,,0,130.34,0.2,0.0,0.0,0.0,-212.298,-245.868,341.966,6.283,0.0,1.802,0
2024-03-18 17:18:14.914644,1020,1,yolov2-tiny,,0.0,,0,130.1,0.2,0.0,0.0,0.0,-212.353,-245.636,341.965,6.283,0.0,1.802,0
2024-03-18 17:18:15.364697,1020,1,yolov2-tiny,,0.0,,0,129.85,0.2,0.0,0.0,0.0,-212.41,-245.394,341.965,6.283,0.0,1.802,0
2024-03-18 17:18:15.821221,1020,1,yolov2-tiny,,0.0,,0,129.59,0.2,0.0,0.0,0.0,-212.47,-245.141,341.965,6.283,0.0,1.802,0
2024-03-18 17:18:16.273484,1020,1,yolov2-tiny,,0.0,,0,129.32,0.2,0.0,0.0,0.0,-212.532,-244.879,341.965,6.283,0.0,1.802,0
2024-03-18 17:18:16.720756,1020,1,yolov2-tiny,,0.0,,0,129.04,0.2,0.0,0.0,0.0,-212.596,-244.607,341.965,6.283,0.0,1.802,0
2024-03-18 17:18:17.168967,1020,1,yolov2-tiny,,0.0,,0,128.75,0.2,0.0,0.0,0.0,-212.662,-244.324,341.964,6.283,0.0,1.802,0
2024-03-18 17:18:17.627969,1020,1,yolov2-tiny,,0.0,,0,128.45,0.2,0.0,0.0,0.0,-212.731,-244.032,341.964,6.283,0.0,1.802,0
2024-03-18 17:18:18.074064,1020,1,yolov2-tiny,,0.0,,0,128.14,0.2,0.0,0.0,0.0,-212.803,-243.729,341.964,6.283,0.0,1.802,0
2024-03-18 17:18:18.528434,1020,1,yolov2-tiny,,0.0,,0,127.81,0.2,0.0,0.0,0.0,-212.876,-243.415,341.964,0.003,0.005,1.802,0
2024-03-18 17:18:19.008151,1020,1,yolov2-tiny,chair,61.72,3844,0,127.48,0.2,0.0,0.0,0.0,-212.953,-243.091,341.964,0.004,0.002,1.802,0
2024-03-18 17:18:19.470469,1020,1,yolov2-tiny,,0.0,,0,127.14,0.2,0.0,0.0,0.0,-213.031,-242.757,341.964,0.004,0.0,1.802,0
2024-03-18 17:18:19.918280,1020,1,yolov2-tiny,,0.0,,0,126.78,0.2,0.0,0.0,0.0,-213.113,-242.412,341.963,0.004,-0.003,1.802,0
2024-03-18 17:18:20.368563,1020,1,yolov2-tiny,,0.0,,0,126.42,0.2,0.0,0.0,0.0,-213.196,-242.057,341.963,0.002,0.0,1.802,0
2024-03-18 17:18:20.815528,1020,1,yolov2-tiny,,0.0,,0,126.04,0.2,0.0,0.0,0.0,-213.283,-241.69,341.963,0.0,6.283,1.802,0
2024-03-18 17:18:21.282216,1020,1,yolov2-tiny,,0.0,,0,125.66,0.2,0.0,0.0,0.0,-213.372,-241.313,341.963,-0.001,6.283,1.802,0
2024-03-18 17:18:21.726690,1020,1,yolov2-tiny,,0.0,,0,125.26,0.2,0.0,0.0,0.0,-213.463,-240.924,341.963,0.0,6.283,1.802,0
2024-03-18 17:18:22.185141,1020,1,yolov2-tiny,,0.0,,0,124.85,0.2,0.0,0.0,0.0,-213.558,-240.525,341.963,0.0,6.283,1.802,0
2024-03-18 17:18:22.643252,1020,1,yolov2-tiny,,0.0,,0,124.42,0.2,0.0,0.0,0.0,-213.654,-240.114,341.963,0.0,6.283,1.802,0
2024-03-18 17:18:23.103031,1020,1,yolov2-tiny,,0.0,,0,123.99,0.2,0.0,0.0,0.0,-213.754,-239.692,341.963,0.0,6.283,1.802,0
2024-03-18 17:18:23.541337,1020,1,yolov2-tiny,,0.0,,0,123.54,0.2,0.0,0.0,0.0,-213.855,-239.258,341.963,0.0,6.283,1.802,0
2024-03-18 17:18:23.999669,1020,1,yolov2-tiny,,0.0,,0,123.09,0.2,0.0,0.0,0.0,-213.961,-238.813,341.963,0.0,6.283,1.802,0
2024-03-18 17:18:24.466465,1020,1,yolov2-tiny,,0.0,,0,122.62,0.2,0.0,0.0,0.0,-214.068,-238.356,341.963,0.0,6.283,1.802,0
2024-03-18 17:18:24.916703,1020,1,yolov2-tiny,,0.0,,0,122.14,0.2,0.0,0.0,0.0,-214.178,-237.888,341.963,0.0,6.283,1.802,0
2024-03-18 17:18:25.359814,1020,1,yolov2-tiny,,0.0,,0,121.64,0.2,0.0,0.0,0.0,-214.292,-237.407,341.963,0.0,6.283,1.802,0
2024-03-18 17:18:25.823218,1020,1,yolov2-tiny,,0.0,,0,121.14,0.2,0.0,0.0,0.0,-214.407,-236.915,341.963,0.0,6.283,1.802,0
2024-03-18 17:18:26.280585,1020,1,yolov2-tiny,,0.0,,0,120.62,0.2,0.0,0.0,0.0,-214.526,-236.411,341.963,0.0,6.283,1.802,0
2024-03-18 17:18:26.718495,1020,1,yolov2-tiny,person,61.12,648,0,120.09,0.2,0.0,0.0,0.0,-214.648,-235.894,341.963,0.0,6.283,1.802,0
2024-03-18 17:18:27.157350,1020,1,yolov2-tiny,,0.0,,0,119.54,0.2,0.0,0.0,0.0,-214.772,-235.365,341.963,0.0,6.283,1.802,0
2024-03-18 17:18:27.571255,1020,1,yolov2-tiny,,0.0,,0,118.99,0.2,0.0,0.0,0.0,-214.9,-234.824,341.963,0.0,6.283,1.802,0
2024-03-18 17:18:28.000094,1020,1,yolov2-tiny,,0.0,,0,118.42,0.2,0.0,0.0,0.0,-215.031,-234.27,341.963,0.001,6.283,1.802,0
2024-03-18 17:18:28.436502,1020,1,yolov2-tiny,,0.0,,0,117.84,0.2,0.0,0.0,0.0,-215.163,-233.704,341.963,0.0,6.283,1.802,0
2024-03-18 17:18:28.863165,1020,1,yolov2-tiny,,0.0,,0,117.24,0.2,0.0,0.0,0.0,-215.301,-233.125,341.963,0.0,6.283,1.802,0
2024-03-18 17:18:29.298758,1020,1,yolov2-tiny,car,70.1,1248,1,116.63,0.2,0.0,0.0,0.0,-215.44,-232.533,341.963,0.0,6.283,1.802,0
2024-03-18 17:18:29.727595,1020,1,yolov2-tiny,,0.0,,0,116.05,0.0,0.0,1.0,0.0,-215.573,-231.968,341.968,0.0,0.003,1.802,0
2024-03-18 17:18:30.159888,1020,1,yolov2-tiny,,0.0,,0,115.84,0.2,0.0,0.0,0.0,-215.623,-231.757,341.978,0.0,0.008,1.802,0
2024-03-18 17:18:30.585735,1020,1,yolov2-tiny,car,63.9,1846,1,115.69,0.2,0.0,0.0,0.0,-215.656,-231.618,341.957,0.0,6.28,1.802,0
2024-03-18 17:18:31.035714,1020,1,yolov2-tiny,,0.0,,0,115.57,0.0,0.0,1.0,0.0,-215.683,-231.5,341.966,-0.001,0.002,1.802,0
2024-03-18 17:18:31.463002,1020,1,yolov2-tiny,,0.0,,0,115.57,0.2,0.0,0.0,0.0,-215.683,-231.5,341.967,0.0,0.002,1.802,0
2024-03-18 17:18:31.895797,1020,1,yolov2-tiny,,0.0,,0,115.57,0.2,0.0,0.0,0.0,-215.686,-231.494,341.958,6.281,6.28,1.802,0
2024-03-18 17:18:32.324683,1020,1,yolov2-tiny,,0.0,,0,115.56,0.2,0.0,0.0,0.0,-215.687,-231.483,341.964,6.282,6.283,1.802,0
2024-03-18 17:18:32.749853,1020,1,yolov2-tiny,,0.0,,0,115.54,0.2,0.0,0.0,0.0,-215.692,-231.466,341.963,6.282,6.282,1.802,0
2024-03-18 17:18:33.182591,1020,1,yolov2-tiny,,0.0,,0,115.51,0.2,0.0,0.0,0.0,-215.697,-231.442,341.963,6.282,6.282,1.802,0
2024-03-18 17:18:33.605337,1020,1,yolov2-tiny,,0.0,,0,115.48,0.2,0.0,0.0,0.0,-215.704,-231.411,341.964,6.283,6.282,1.802,0
2024-03-18 17:18:34.046450,1020,1,yolov2-tiny,car,64.56,1311,1,115.44,0.2,0.0,0.0,0.0,-215.712,-231.373,341.963,0.0,6.281,1.802,0
2024-03-18 17:18:34.470769,1020,1,yolov2-tiny,car,60.41,912,0,115.41,0.0,0.0,1.0,0.0,-215.718,-231.344,341.965,6.283,6.283,1.802,0
2024-03-18 17:18:34.899582,1020,1,yolov2-tiny,,0.0,,0,115.41,0.2,0.0,0.0,0.0,-215.718,-231.344,341.964,-0.005,6.282,1.802,0
2024-03-18 17:18:35.340711,1020,1,yolov2-tiny,car,62.28,1824,1,115.41,0.2,0.0,0.0,0.0,-215.718,-231.338,341.963,0.001,6.281,1.802,0
2024-03-18 17:18:35.773794,1020,1,yolov2-tiny,car,63.64,1900,1,115.4,0.0,0.0,1.0,0.0,-215.72,-231.331,341.964,0.0,6.282,1.802,0
2024-03-18 17:18:36.210763,1020,1,yolov2-tiny,car,67.13,2002,1,115.4,0.0,0.0,1.0,0.0,-215.72,-231.331,341.964,0.0,6.282,1.802,0
2024-03-18 17:18:36.646987,1020,1,yolov2-tiny,,0.0,,0,115.4,0.0,0.0,1.0,0.0,-215.72,-231.331,341.963,0.0,6.281,1.802,0
2024-03-18 17:18:37.068905,1020,1,yolov2-tiny,,0.0,,0,115.4,0.2,0.0,0.0,0.0,-215.72,-231.331,341.963,0.0,6.282,1.802,0
2024-03-18 17:18:37.492064,1020,1,yolov2-tiny,,0.0,,0,115.4,0.2,0.0,0.0,0.0,-215.72,-231.326,341.963,-0.001,6.281,1.802,0
2024-03-18 17:18:37.927547,1020,1,yolov2-tiny,,0.0,,0,115.38,0.2,0.0,0.0,0.0,-215.724,-231.314,341.963,0.0,6.281,1.802,0
2024-03-18 17:18:38.351220,1020,1,yolov2-tiny,,0.0,,0,115.36,0.2,0.0,0.0,0.0,-215.729,-231.296,341.963,0.0,6.281,1.802,0
2024-03-18 17:18:38.781437,1020,1,yolov2-tiny,,0.0,,0,115.34,0.2,0.0,0.0,0.0,-215.733,-231.271,341.963,0.0,6.281,1.802,0
2024-03-18 17:18:39.215083,1020,1,yolov2-tiny,,0.0,,0,115.31,0.2,0.0,0.0,0.0,-215.742,-231.239,341.963,0.0,6.281,1.802,0
2024-03-18 17:18:39.646366,1020,1,yolov2-tiny,,0.0,,0,115.27,0.2,0.0,0.0,0.0,-215.751,-231.201,341.963,0.0,6.281,1.802,0
2024-03-18 17:18:40.060629,1020,1,yolov2-tiny,,0.0,,0,115.22,0.2,0.0,0.0,0.0,-215.76,-231.156,341.963,0.0,6.281,1.802,0
2024-03-18 17:18:40.497411,1020,1,yolov2-tiny,car,66.59,828,0,115.17,0.2,0.0,0.0,0.0,-215.771,-231.103,341.963,0.002,6.283,1.802,0
2024-03-18 17:18:40.920300,1020,1,yolov2-tiny,,0.0,,0,115.11,0.2,0.0,0.0,0.0,-215.785,-231.044,341.963,0.001,6.282,1.802,0
2024-03-18 17:18:41.356173,1020,1,yolov2-tiny,,0.0,,0,115.04,0.2,0.0,0.0,0.0,-215.799,-230.978,341.963,0.001,6.282,1.802,0
2024-03-18 17:18:41.808448,1020,1,yolov2-tiny,,0.0,,0,114.96,0.2,0.0,0.0,0.0,-215.817,-230.904,341.964,6.283,0.0,1.802,0
2024-03-18 17:18:42.238983,1020,1,yolov2-tiny,,0.0,,0,114.88,0.2,0.0,0.0,0.0,-215.836,-230.823,341.963,0.0,6.283,1.802,0
2024-03-18 17:18:42.672600,1020,1,yolov2-tiny,car,65.97,2370,1,114.79,0.2,0.0,0.0,0.0,-215.858,-230.734,341.963,0.004,6.283,1.802,0
2024-03-18 17:18:43.117528,1020,1,yolov2-tiny,,0.0,,0,114.71,0.0,0.0,1.0,0.0,-215.875,-230.663,341.966,-0.002,0.002,1.802,0
2024-03-18 17:18:43.557359,1020,1,yolov2-tiny,car,70.99,2240,1,114.71,0.2,0.0,0.0,0.0,-215.875,-230.663,341.964,0.0,0.001,1.802,0
2024-03-18 17:18:43.997173,1020,1,yolov2-tiny,,0.0,,0,114.71,0.0,0.0,1.0,0.0,-215.875,-230.66,341.962,0.0,6.282,1.802,0
2024-03-18 17:18:44.427218,1020,1,yolov2-tiny,,0.0,,0,114.71,0.2,0.0,0.0,0.0,-215.875,-230.66,341.964,0.0,0.0,1.802,0
2024-03-18 17:18:44.845416,1020,1,yolov2-tiny,,0.0,,0,114.71,0.2,0.0,0.0,0.0,-215.875,-230.654,341.963,0.0,6.283,1.802,0
2024-03-18 17:18:45.266683,1020,1,yolov2-tiny,car,62.72,2280,1,114.69,0.2,0.0,0.0,0.0,-215.879,-230.642,341.963,0.0,6.283,1.802,0
2024-03-18 17:18:45.698304,1020,1,yolov2-tiny,,0.0,,0,114.68,0.0,0.0,1.0,0.0,-215.882,-230.631,341.964,0.0,0.0,1.802,0
2024-03-18 17:18:46.129565,1020,1,yolov2-tiny,,0.0,,0,114.68,0.2,0.0,0.0,0.0,-215.882,-230.631,341.963,0.0,0.004,1.802,0
2024-03-18 17:18:46.578821,1020,1,yolov2-tiny,,0.0,,0,114.68,0.2,0.0,0.0,0.0,-215.882,-230.625,341.963,0.0,6.283,1.802,0
2024-03-18 17:18:47.025306,1020,1,yolov2-tiny,,0.0,,0,114.67,0.2,0.0,0.0,0.0,-215.885,-230.614,341.963,0.0,-0.003,1.802,0
2024-03-18 17:18:47.478779,1020,1,yolov2-tiny,,0.0,,0,114.65,0.2,0.0,0.0,0.0,-215.89,-230.596,341.963,0.0,6.283,1.802,0
2024-03-18 17:18:47.885498,1020,1,yolov2-tiny,,0.0,,0,114.62,0.2,0.0,0.0,0.0,-215.895,-230.571,341.963,0.0,6.283,1.802,0
2024-03-18 17:18:48.319820,1020,1,yolov2-tiny,,0.0,,0,114.59,0.2,0.0,0.0,0.0,-215.903,-230.539,341.963,0.0,6.283,1.802,0
2024-03-18 17:18:48.772132,1020,1,yolov2-tiny,,0.0,,0,114.55,0.2,0.0,0.0,0.0,-215.912,-230.501,341.963,0.0,6.283,1.802,0
2024-03-18 17:18:49.227675,1020,1,yolov2-tiny,car,61.53,1400,1,114.5,0.2,0.0,0.0,0.0,-215.921,-230.456,341.963,0.0,6.283,1.802,0
2024-03-18 17:18:49.691682,1020,1,yolov2-tiny,,0.0,,0,114.47,0.0,0.0,1.0,0.0,-215.931,-230.422,341.965,-0.001,0.001,1.802,0
2024-03-18 17:18:50.141965,1020,1,yolov2-tiny,,0.0,,0,114.47,0.2,0.0,0.0,0.0,-215.931,-230.422,341.964,0.0,0.0,1.802,0
2024-03-18 17:18:50.605177,1020,1,yolov2-tiny,car,64.07,1334,1,114.46,0.2,0.0,0.0,0.0,-215.931,-230.416,341.962,0.0,6.283,1.802,0
2024-03-18 17:18:51.064178,1020,1,yolov2-tiny,car,62.11,2262,1,114.46,0.0,0.0,1.0,0.0,-215.933,-230.41,341.964,0.0,0.0,1.802,0
2024-03-18 17:18:51.517014,1020,1,yolov2-tiny,,0.0,,0,114.46,0.0,0.0,1.0,0.0,-215.933,-230.41,341.963,0.0,0.005,1.802,0
2024-03-18 17:18:51.978315,1020,1,yolov2-tiny,,0.0,,0,114.45,0.2,0.0,0.0,0.0,-215.933,-230.409,341.963,-0.001,6.283,1.802,0
2024-03-18 17:18:52.438409,1020,1,yolov2-tiny,,0.0,,0,114.45,0.2,0.0,0.0,0.0,-215.933,-230.404,341.963,-0.001,0.0,1.802,0
2024-03-18 17:18:52.897091,1020,1,yolov2-tiny,car,61.56,2128,1,114.44,0.2,0.0,0.0,0.0,-215.936,-230.392,341.963,0.0,6.283,1.802,0
2024-03-18 17:18:53.337711,1020,1,yolov2-tiny,,0.0,,0,114.43,0.0,0.0,1.0,0.0,-215.939,-230.381,341.964,0.0,0.0,1.802,0
2024-03-18 17:18:53.767767,1020,1,yolov2-tiny,,0.0,,0,114.43,0.2,0.0,0.0,0.0,-215.939,-230.381,341.963,0.0,0.005,1.802,0
2024-03-18 17:18:54.209979,1020,1,yolov2-tiny,,0.0,,0,114.42,0.2,0.0,0.0,0.0,-215.94,-230.375,341.963,0.0,6.283,1.802,0
2024-03-18 17:18:54.644319,1020,1,yolov2-tiny,,0.0,,0,114.41,0.2,0.0,0.0,0.0,-215.943,-230.364,341.963,0.0,-0.003,1.802,0
2024-03-18 17:18:55.079683,1020,1,yolov2-tiny,car,62.18,2146,1,114.39,0.2,0.0,0.0,0.0,-215.948,-230.345,341.963,0.0,6.283,1.802,0
2024-03-18 17:18:55.503651,1020,1,yolov2-tiny,,0.0,,0,114.37,0.0,0.0,1.0,0.0,-215.951,-230.33,341.964,-0.001,0.0,1.802,0
2024-03-18 17:18:55.939227,1020,1,yolov2-tiny,,0.0,,0,114.37,0.2,0.0,0.0,0.0,-215.951,-230.329,341.963,0.0,0.0,1.802,0
2024-03-18 17:18:56.373026,1020,1,yolov2-tiny,car,66.99,2030,1,114.37,0.2,0.0,0.0,0.0,-215.951,-230.324,341.963,0.0,6.283,1.802,0
2024-03-18 17:18:56.807123,1020,1,yolov2-tiny,,0.0,,0,114.36,0.0,0.0,1.0,0.0,-215.953,-230.317,341.964,0.0,0.0,1.802,0
2024-03-18 17:18:57.239729,1020,1,yolov2-tiny,,0.0,,0,114.36,0.2,0.0,0.0,0.0,-215.953,-230.317,341.963,0.0,0.003,1.802,0
2024-03-18 17:18:57.670729,1020,1,yolov2-tiny,car,63.35,2030,1,114.35,0.2,0.0,0.0,0.0,-215.953,-230.311,341.963,0.0,6.283,1.802,0
2024-03-18 17:18:58.095791,1020,1,yolov2-tiny,,0.0,,0,114.35,0.0,0.0,1.0,0.0,-215.955,-230.304,341.964,0.0,0.0,1.802,0
2024-03-18 17:18:58.521387,1020,1,yolov2-tiny,car,60.39,2160,1,114.35,0.2,0.0,0.0,0.0,-215.955,-230.304,341.963,0.0,0.004,1.802,0
2024-03-18 17:18:58.960521,1020,1,yolov2-tiny,car,63.03,2088,1,114.34,0.0,0.0,1.0,0.0,-215.955,-230.301,341.963,0.0,-0.005,1.802,0
2024-03-18 17:18:59.388572,1020,1,yolov2-tiny,,0.0,,0,114.34,0.0,0.0,1.0,0.0,-215.955,-230.301,341.963,0.0,0.0,1.802,0
2024-03-18 17:18:59.825749,1020,1,yolov2-tiny,car,66.06,2160,1,114.34,0.2,0.0,0.0,0.0,-215.955,-230.301,341.963,0.0,-0.004,1.802,0
2024-03-18 17:19:00.256949,1020,1,yolov2-tiny,,0.0,,0,114.34,0.0,0.0,1.0,0.0,-215.955,-230.298,341.963,0.0,0.001,1.802,0
2024-03-18 17:19:00.685863,1020,1,yolov2-tiny,,0.0,,0,114.34,0.2,0.0,0.0,0.0,-215.955,-230.299,341.963,0.0,0.003,1.802,0
2024-03-18 17:19:01.120197,1020,1,yolov2-tiny,,0.0,,0,114.34,0.2,0.0,0.0,0.0,-215.955,-230.293,341.963,0.0,6.283,1.802,0
2024-03-18 17:19:01.555893,1020,1,yolov2-tiny,car,60.62,1392,1,114.32,0.2,0.0,0.0,0.0,-215.959,-230.281,341.963,0.0,6.283,1.802,0
2024-03-18 17:19:01.978287,1020,1,yolov2-tiny,,0.0,,0,114.31,0.0,0.0,1.0,0.0,-215.962,-230.27,341.964,-0.001,0.0,1.802,0
2024-03-18 17:19:02.413721,1020,1,yolov2-tiny,,0.0,,0,114.31,0.2,0.0,0.0,0.0,-215.962,-230.27,341.963,0.0,0.004,1.802,0
2024-03-18 17:19:02.829457,1020,1,yolov2-tiny,,0.0,,0,114.31,0.2,0.0,0.0,0.0,-215.962,-230.264,341.963,0.001,6.283,1.802,0
2024-03-18 17:19:03.269166,1020,1,yolov2-tiny,,0.0,,0,114.3,0.2,0.0,0.0,0.0,-215.966,-230.253,341.963,0.0,-0.004,1.802,0
2024-03-18 17:19:03.729467,1020,1,yolov2-tiny,,0.0,,0,114.28,0.2,0.0,0.0,0.0,-215.97,-230.234,341.963,0.0,6.283,1.802,0
2024-03-18 17:19:04.189379,1020,1,yolov2-tiny,car,64.0,1050,1,114.25,0.2,0.0,0.0,0.0,-215.975,-230.209,341.963,0.0,6.283,1.802,0
2024-03-18 17:19:04.635420,1020,1,yolov2-tiny,car,64.71,980,0,114.23,0.0,0.0,1.0,0.0,-215.98,-230.189,341.964,-0.001,0.001,1.802,0
2024-03-18 17:19:05.070435,1020,1,yolov2-tiny,,0.0,,0,114.23,0.2,0.0,0.0,0.0,-215.98,-230.189,341.963,0.0,0.0,1.802,0
2024-03-18 17:19:05.514757,1020,1,yolov2-tiny,car,60.69,1000,1,114.22,0.2,0.0,0.0,0.0,-215.98,-230.184,341.963,0.0,6.283,1.802,0
2024-03-18 17:19:05.955809,1020,1,yolov2-tiny,car,63.87,1176,1,114.22,0.0,0.0,1.0,0.0,-215.982,-230.177,341.964,-0.001,0.0,1.802,0
2024-03-18 17:19:06.392467,1020,1,yolov2-tiny,,0.0,,0,114.22,0.0,0.0,1.0,0.0,-215.982,-230.177,341.963,0.0,0.005,1.802,0
2024-03-18 17:19:06.847571,1020,1,yolov2-tiny,car,68.54,1122,1,114.22,0.2,0.0,0.0,0.0,-215.982,-230.177,341.963,0.0,6.283,1.802,0
2024-03-18 17:19:07.276855,1020,1,yolov2-tiny,car,63.95,1188,1,114.21,0.0,0.0,1.0,0.0,-215.982,-230.174,341.963,0.0,0.004,1.802,0
2024-03-18 17:19:07.725911,1020,1,yolov2-tiny,car,61.17,2233,1,114.21,0.0,0.0,1.0,0.0,-215.982,-230.174,341.963,0.0,0.004,1.802,0
2024-03-18 17:19:08.187939,1020,1,yolov2-tiny,,0.0,,0,114.21,0.0,0.0,1.0,0.0,-215.982,-230.174,341.963,0.0,-0.003,1.802,0
2024-03-18 17:19:08.636849,1020,1,yolov2-tiny,,0.0,,0,114.21,0.2,0.0,0.0,0.0,-215.982,-230.174,341.963,0.0,-0.001,1.802,0
2024-03-18 17:19:09.094891,1020,1,yolov2-tiny,car,67.58,1029,1,114.21,0.2,0.0,0.0,0.0,-215.982,-230.168,341.963,0.0,6.283,1.802,0
2024-03-18 17:19:09.535453,1020,1,yolov2-tiny,car,67.88,960,0,114.2,0.0,0.0,1.0,0.0,-215.985,-230.161,341.964,0.0,0.0,1.802,0
2024-03-18 17:19:09.984127,1020,1,yolov2-tiny,,0.0,,0,114.2,0.2,0.0,0.0,0.0,-215.985,-230.161,341.963,0.0,0.004,1.802,0
2024-03-18 17:19:10.436459,1020,1,yolov2-tiny,,0.0,,0,114.2,0.2,0.0,0.0,0.0,-215.985,-230.155,341.963,0.0,6.283,1.802,0
2024-03-18 17:19:10.874497,1020,1,yolov2-tiny,car,71.31,880,0,114.18,0.2,0.0,0.0,0.0,-215.988,-230.144,341.963,0.0,-0.005,1.802,0
2024-03-18 17:19:11.296061,1020,1,yolov2-tiny,car,73.0,874,0,114.16,0.2,0.0,0.0,0.0,-215.993,-230.125,341.963,0.0,6.283,1.802,0
2024-03-18 17:19:11.718374,1020,1,yolov2-tiny,car,67.76,860,0,114.14,0.2,0.0,0.0,0.0,-215.997,-230.1,341.963,0.0,6.283,1.802,0
2024-03-18 17:19:12.165066,1020,1,yolov2-tiny,car,64.31,945,0,114.11,0.2,0.0,0.0,0.0,-216.006,-230.069,341.963,0.0,6.283,1.802,0
2024-03-18 17:19:12.583484,1020,1,yolov2-tiny,car,66.88,987,0,114.07,0.2,0.0,0.0,0.0,-216.015,-230.031,341.963,0.0,6.283,1.802,0
2024-03-18 17:19:13.001645,1020,1,yolov2-tiny,car,66.22,2190,1,114.02,0.2,0.0,0.0,0.0,-216.024,-229.986,341.963,0.0,6.283,1.802,0
2024-03-18 17:19:13.446333,1020,1,yolov2-tiny,car,61.35,2117,1,113.99,0.0,0.0,1.0,0.0,-216.033,-229.952,341.965,0.0,0.001,1.802,0
2024-03-18 17:19:13.865744,1020,1,yolov2-tiny,,0.0,,0,113.99,0.0,0.0,1.0,0.0,-216.033,-229.951,341.964,0.0,0.0,1.802,0
2024-03-18 17:19:14.295201,1020,1,yolov2-tiny,car,64.63,1403,1,113.99,0.2,0.0,0.0,0.0,-216.034,-229.951,341.963,0.0,6.283,1.802,0
2024-03-18 17:19:14.719171,1020,1,yolov2-tiny,car,60.41,1219,1,113.98,0.0,0.0,1.0,0.0,-216.033,-229.948,341.964,0.0,0.0,1.802,0
2024-03-18 17:19:15.164198,1020,1,yolov2-tiny,car,61.95,2336,1,113.98,0.0,0.0,1.0,0.0,-216.033,-229.948,341.963,0.0,0.003,1.802,0
2024-03-18 17:19:15.589898,1020,1,yolov2-tiny,,0.0,,0,113.98,0.0,0.0,1.0,0.0,-216.033,-229.948,341.963,0.0,-0.004,1.802,0
2024-03-18 17:19:16.016055,1020,1,yolov2-tiny,,0.0,,0,113.98,0.2,0.0,0.0,0.0,-216.033,-229.948,341.963,0.0,0.0,1.802,0
2024-03-18 17:19:16.441797,1020,1,yolov2-tiny,,0.0,,0,113.98,0.2,0.0,0.0,0.0,-216.033,-229.943,341.963,0.0,6.283,1.802,0
2024-03-18 17:19:16.876172,1020,1,yolov2-tiny,car,66.42,2088,1,113.97,0.2,0.0,0.0,0.0,-216.037,-229.931,341.963,0.0,6.283,1.802,0
2024-03-18 17:19:17.296320,1020,1,yolov2-tiny,,0.0,,0,113.95,0.0,0.0,1.0,0.0,-216.04,-229.919,341.964,0.0,0.0,1.802,0
2024-03-18 17:19:17.721351,1020,1,yolov2-tiny,,0.0,,0,113.95,0.2,0.0,0.0,0.0,-216.04,-229.919,341.963,0.0,0.004,1.802,0
2024-03-18 17:19:18.158763,1020,1,yolov2-tiny,car,67.28,1296,1,113.95,0.2,0.0,0.0,0.0,-216.04,-229.914,341.963,0.0,6.283,1.802,0
2024-03-18 17:19:18.582804,1020,1,yolov2-tiny,car,63.86,2294,1,113.94,0.0,0.0,1.0,0.0,-216.042,-229.907,341.964,0.0,0.0,1.802,0
2024-03-18 17:19:19.010299,1020,1,yolov2-tiny,car,70.4,2448,1,113.94,0.0,0.0,1.0,0.0,-216.042,-229.907,341.963,0.0,0.0,1.802,0
2024-03-18 17:19:19.462378,1020,1,yolov2-tiny,car,62.51,874,0,113.94,0.0,0.0,1.0,0.0,-216.042,-229.907,341.963,0.0,6.283,1.802,0
2024-03-18 17:19:19.930239,1020,1,yolov2-tiny,car,63.96,900,0,113.94,0.2,0.0,0.0,0.0,-216.042,-229.907,341.963,0.0,0.001,1.802,0
2024-03-18 17:19:20.385288,1020,1,yolov2-tiny,car,60.53,950,0,113.94,0.2,0.0,0.0,0.0,-216.042,-229.901,341.963,0.0,6.283,1.802,0
2024-03-18 17:19:20.845861,1020,1,yolov2-tiny,car,64.71,1000,1,113.92,0.2,0.0,0.0,0.0,-216.046,-229.889,341.963,0.0,6.283,1.802,0
2024-03-18 17:19:21.300529,1020,1,yolov2-tiny,car,65.93,1188,1,113.91,0.0,0.0,1.0,0.0,-216.049,-229.878,341.964,0.0,0.0,1.802,0
2024-03-18 17:19:21.756187,1020,1,yolov2-tiny,,0.0,,0,113.91,0.0,0.0,1.0,0.0,-216.049,-229.878,341.963,0.0,0.0,1.802,0
2024-03-18 17:19:22.229177,1020,1,yolov2-tiny,car,71.07,2250,1,113.91,0.2,0.0,0.0,0.0,-216.049,-229.878,341.963,0.0,6.283,1.802,0
2024-03-18 17:19:22.683312,1020,1,yolov2-tiny,car,60.4,893,0,113.91,0.0,0.0,1.0,0.0,-216.049,-229.875,341.963,0.0,0.004,1.802,0
2024-03-18 17:19:23.140538,1020,1,yolov2-tiny,car,64.46,2160,1,113.91,0.2,0.0,0.0,0.0,-216.049,-229.875,341.963,0.0,0.002,1.802,0
2024-03-18 17:19:23.604078,1020,1,yolov2-tiny,car,65.76,2250,1,113.91,0.0,0.0,1.0,0.0,-216.049,-229.872,341.963,0.0,-0.002,1.802,0
2024-03-18 17:19:24.051763,1020,1,yolov2-tiny,car,65.21,1440,1,113.91,0.0,0.0,1.0,0.0,-216.049,-229.872,341.963,0.0,0.004,1.802,0
2024-03-18 17:19:24.507694,1020,1,yolov2-tiny,car,61.8,1000,1,113.91,0.0,0.0,1.0,0.0,-216.049,-229.872,341.963,0.0,-0.002,1.802,0
2024-03-18 17:19:24.968946,1020,1,yolov2-tiny,car,63.17,1029,1,113.91,0.0,0.0,1.0,0.0,-216.049,-229.872,341.963,0.0,0.0,1.802,0
2024-03-18 17:19:25.429149,1020,1,yolov2-tiny,car,63.79,960,0,113.91,0.0,0.0,1.0,0.0,-216.049,-229.872,341.963,0.0,0.0,1.802,0
2024-03-18 17:19:25.870733,1020,1,yolov2-tiny,car,64.05,1040,1,113.91,0.2,0.0,0.0,0.0,-216.049,-229.872,341.963,0.0,-0.002,1.802,0
2024-03-18 17:19:26.305481,1020,1,yolov2-tiny,car,71.27,2220,1,113.9,0.0,0.0,1.0,0.0,-216.049,-229.869,341.963,0.0,0.001,1.802,0
2024-03-18 17:19:26.735924,1020,1,yolov2-tiny,car,65.69,1472,1,113.9,0.0,0.0,1.0,0.0,-216.049,-229.869,341.963,0.0,0.004,1.802,0
2024-03-18 17:19:27.166291,1020,1,yolov2-tiny,car,69.42,1000,1,113.9,0.0,0.0,1.0,0.0,-216.049,-229.869,341.963,0.0,-0.002,1.802,0
2024-03-18 17:19:27.602589,1020,1,yolov2-tiny,car,64.43,1020,1,113.9,0.0,0.0,1.0,0.0,-216.049,-229.869,341.963,0.0,0.0,1.802,0
2024-03-18 17:19:28.032880,1020,1,yolov2-tiny,car,60.88,980,0,113.9,0.0,0.0,1.0,0.0,-216.049,-229.869,341.963,0.0,0.0,1.802,0
2024-03-18 17:19:28.454642,1020,1,yolov2-tiny,,0.0,,0,113.9,0.2,0.0,0.0,0.0,-216.049,-229.869,341.963,0.0,-0.002,1.802,0
2024-03-18 17:19:28.883150,1020,1,yolov2-tiny,car,64.59,2250,1,113.9,0.2,0.0,0.0,0.0,-216.049,-229.863,341.963,0.0,6.283,1.802,0
2024-03-18 17:19:29.309737,1020,1,yolov2-tiny,car,68.76,2160,1,113.89,0.0,0.0,1.0,0.0,-216.051,-229.856,341.964,0.0,0.0,1.802,0
2024-03-18 17:19:29.741902,1020,1,yolov2-tiny,car,70.75,2201,1,113.89,0.0,0.0,1.0,0.0,-216.051,-229.856,341.963,0.0,0.0,1.802,0
2024-03-18 17:19:30.171243,1020,1,yolov2-tiny,car,64.44,2175,1,113.89,0.0,0.0,1.0,0.0,-216.051,-229.856,341.963,0.0,0.0,1.802,0
2024-03-18 17:19:30.603955,1020,1,yolov2-tiny,car,64.31,1092,1,113.89,0.0,0.0,1.0,0.0,-216.051,-229.856,341.963,0.0,0.002,1.802,0
2024-03-18 17:19:31.033710,1020,1,yolov2-tiny,car,63.86,1134,1,113.89,0.0,0.0,1.0,0.0,-216.051,-229.856,341.963,0.0,0.0,1.802,0
2024-03-18 17:19:31.474406,1020,1,yolov2-tiny,car,64.52,1113,1,113.89,0.0,0.0,1.0,0.0,-216.051,-229.856,341.963,0.0,-0.001,1.802,0
2024-03-18 17:19:31.898368,1020,1,yolov2-tiny,car,60.21,1092,1,113.89,0.0,0.0,1.0,0.0,-216.051,-229.856,341.963,0.0,0.0,1.802,0
2024-03-18 17:19:32.326135,1020,1,yolov2-tiny,,0.0,,0,113.89,0.0,0.0,1.0,0.0,-216.051,-229.856,341.963,0.0,0.0,1.802,0
2024-03-18 17:19:32.763986,1020,1,yolov2-tiny,car,61.77,1092,1,113.89,0.2,0.0,0.0,0.0,-216.051,-229.856,341.963,0.0,-0.002,1.802,0
2024-03-18 17:19:33.184228,1020,1,yolov2-tiny,car,66.82,2220,1,113.89,0.0,0.0,1.0,0.0,-216.051,-229.853,341.963,0.0,0.001,1.802,0
2024-03-18 17:19:33.612968,1020,1,yolov2-tiny,,0.0,,0,113.89,0.0,0.0,1.0,0.0,-216.051,-229.853,341.963,0.0,0.004,1.802,0
2024-03-18 17:19:34.039225,1020,1,yolov2-tiny,car,64.85,1060,1,113.89,0.2,0.0,0.0,0.0,-216.051,-229.853,341.963,0.0,-0.004,1.802,0
2024-03-18 17:19:34.471311,1020,1,yolov2-tiny,car,63.83,1092,1,113.88,0.0,0.0,1.0,0.0,-216.051,-229.85,341.963,0.0,0.002,1.802,0
2024-03-18 17:19:34.887036,1020,1,yolov2-tiny,car,69.49,1127,1,113.88,0.0,0.0,1.0,0.0,-216.051,-229.85,341.963,0.0,0.004,1.802,0
2024-03-18 17:19:35.325390,1020,1,yolov2-tiny,car,70.83,1176,1,113.88,0.0,0.0,1.0,0.0,-216.051,-229.85,341.963,0.0,-0.002,1.802,0
2024-03-18 17:19:35.752734,1020,1,yolov2-tiny,car,66.86,1210,1,113.88,0.0,0.0,1.0,0.0,-216.051,-229.85,341.963,0.0,0.001,1.802,0
2024-03-18 17:19:36.176352,1020,1,yolov2-tiny,car,69.1,1188,1,113.88,0.0,0.0,1.0,0.0,-216.051,-229.85,341.963,0.0,0.0,1.802,0
2024-03-18 17:19:36.595728,1020,1,yolov2-tiny,car,64.1,1210,1,113.88,0.0,0.0,1.0,0.0,-216.051,-229.85,341.963,0.0,0.0,1.802,0
2024-03-18 17:19:37.031451,1020,1,yolov2-tiny,car,61.72,1134,1,113.88,0.0,0.0,1.0,0.0,-216.051,-229.85,341.963,0.0,0.0,1.802,0
2024-03-18 17:19:37.468615,1020,1,yolov2-tiny,car,64.24,1188,1,113.88,0.0,0.0,1.0,0.0,-216.051,-229.85,341.963,0.0,0.0,1.802,0
2024-03-18 17:19:37.899524,1020,1,yolov2-tiny,car,65.88,1188,1,113.88,0.0,0.0,1.0,0.0,-216.051,-229.85,341.963,0.0,0.0,1.802,0
2024-03-18 17:19:38.323555,1020,1,yolov2-tiny,car,63.52,1166,1,113.88,0.0,0.0,1.0,0.0,-216.051,-229.85,341.963,0.0,0.0,1.802,0
2024-03-18 17:19:38.753107,1020,1,yolov2-tiny,car,63.4,1210,1,113.88,0.0,0.0,1.0,0.0,-216.051,-229.85,341.963,0.0,0.0,1.802,0
2024-03-18 17:19:39.179603,1020,1,yolov2-tiny,car,64.73,1210,1,113.88,0.0,0.0,1.0,0.0,-216.051,-229.85,341.963,0.0,0.0,1.802,0
2024-03-18 17:19:39.614377,1020,1,yolov2-tiny,car,63.16,1188,1,113.88,0.0,0.0,1.0,0.0,-216.051,-229.85,341.963,0.0,0.0,1.802,0
2024-03-18 17:19:40.032671,1020,1,yolov2-tiny,car,64.35,1210,1,113.88,0.0,0.0,1.0,0.0,-216.051,-229.85,341.963,0.0,0.0,1.802,0
2024-03-18 17:19:40.469735,1020,1,yolov2-tiny,car,65.12,1232,1,113.88,0.0,0.0,1.0,0.0,-216.051,-229.85,341.963,0.0,0.0,1.802,0
2024-03-18 17:19:40.927808,1020,1,yolov2-tiny,car,65.6,1232,1,113.88,0.0,0.0,1.0,0.0,-216.051,-229.85,341.963,0.0,0.0,1.802,0
2024-03-18 17:19:41.381536,1020,1,yolov2-tiny,car,70.54,1197,1,113.88,0.0,0.0,1.0,0.0,-216.051,-229.85,341.963,0.0,0.0,1.802,0
2024-03-18 17:19:41.842158,1020,1,yolov2-tiny,car,68.68,1276,1,113.88,0.0,0.0,1.0,0.0,-216.051,-229.85,341.963,0.0,0.0,1.802,0
2024-03-18 17:19:42.301123,1020,1,yolov2-tiny,car,64.63,1232,1,113.88,0.0,0.0,1.0,0.0,-216.051,-229.85,341.963,0.0,0.0,1.802,0
2024-03-18 17:19:42.756607,1020,1,yolov2-tiny,car,65.29,1210,1,113.88,0.0,0.0,1.0,0.0,-216.051,-229.85,341.963,0.0,0.0,1.802,0
2024-03-18 17:19:43.209822,1020,1,yolov2-tiny,car,63.37,1210,1,113.88,0.0,0.0,1.0,0.0,-216.051,-229.85,341.963,0.0,0.0,1.802,0
2024-03-18 17:19:43.670381,1020,1,yolov2-tiny,car,64.31,1210,1,113.88,0.0,0.0,1.0,0.0,-216.051,-229.85,341.963,0.0,0.0,1.802,0
2024-03-18 17:19:44.120635,1020,1,yolov2-tiny,car,65.15,1254,1,113.88,0.0,0.0,1.0,0.0,-216.051,-229.85,341.963,0.0,0.0,1.802,0
2024-03-18 17:19:44.579836,1020,1,yolov2-tiny,car,64.12,1210,1,113.88,0.0,0.0,1.0,0.0,-216.051,-229.85,341.963,0.0,0.0,1.802,0
2024-03-18 17:19:45.032235,1020,1,yolov2-tiny,car,68.41,1254,1,113.88,0.0,0.0,1.0,0.0,-216.051,-229.85,341.963,0.0,0.0,1.802,0
2024-03-18 17:19:45.487605,1020,1,yolov2-tiny,car,68.11,1254,1,113.88,0.0,0.0,1.0,0.0,-216.051,-229.85,341.963,0.0,0.0,1.802,0
2024-03-18 17:19:45.937104,1020,1,yolov2-tiny,car,66.64,1176,1,113.88,0.0,0.0,1.0,0.0,-216.051,-229.85,341.963,0.0,0.0,1.802,0
2024-03-18 17:19:46.359299,1020,1,yolov2-tiny,car,66.36,1232,1,113.88,0.0,0.0,1.0,0.0,-216.051,-229.85,341.963,0.0,0.0,1.802,0
2024-03-18 17:19:46.790620,1020,1,yolov2-tiny,car,66.06,1188,1,113.88,0.0,0.0,1.0,0.0,-216.051,-229.85,341.963,0.0,0.0,1.802,0
2024-03-18 17:19:47.211011,1020,1,yolov2-tiny,car,65.41,1144,1,113.88,0.0,0.0,1.0,0.0,-216.051,-229.85,341.963,0.0,0.0,1.802,0
2024-03-18 17:19:47.625242,1020,1,yolov2-tiny,car,65.16,1210,1,113.88,0.0,0.0,1.0,0.0,-216.051,-229.85,341.963,0.0,0.0,1.802,0
2024-03-18 17:19:48.056758,1020,1,yolov2-tiny,car,64.35,1232,1,113.88,0.0,0.0,1.0,0.0,-216.051,-229.85,341.963,0.0,0.0,1.802,0
2024-03-18 17:19:48.478798,1020,1,yolov2-tiny,car,61.47,1210,1,113.88,0.0,0.0,1.0,0.0,-216.051,-229.85,341.963,0.0,0.0,1.802,0
2024-03-18 17:19:48.899908,1020,1,yolov2-tiny,car,63.33,1188,1,113.88,0.0,0.0,1.0,0.0,-216.051,-229.85,341.963,0.0,0.0,1.802,0
2024-03-18 17:19:49.332042,1020,1,yolov2-tiny,car,62.77,1188,1,113.88,0.0,0.0,1.0,0.0,-216.051,-229.85,341.963,0.0,0.0,1.802,0
2024-03-18 17:19:49.763813,1020,1,yolov2-tiny,car,64.53,1232,1,113.88,0.0,0.0,1.0,0.0,-216.051,-229.85,341.963,0.0,0.0,1.802,0
2024-03-18 17:19:50.189626,1020,1,yolov2-tiny,car,68.15,1232,1,113.88,0.0,0.0,1.0,0.0,-216.051,-229.85,341.963,0.0,0.0,1.802,0
2024-03-18 17:19:50.619765,1020,1,yolov2-tiny,car,67.1,1232,1,113.88,0.0,0.0,1.0,0.0,-216.051,-229.85,341.963,0.0,0.0,1.802,0
2024-03-18 17:19:51.042897,1020,1,yolov2-tiny,car,64.67,1188,1,113.88,0.0,0.0,1.0,0.0,-216.051,-229.85,341.963,0.0,0.0,1.802,0
2024-03-18 17:19:51.478171,1020,1,yolov2-tiny,car,64.89,1254,1,113.88,0.0,0.0,1.0,0.0,-216.051,-229.85,341.963,0.0,0.0,1.802,0
2024-03-18 17:19:51.896930,1020,1,yolov2-tiny,car,63.53,1210,1,113.88,0.0,0.0,1.0,0.0,-216.051,-229.85,341.963,0.0,0.0,1.802,0
2024-03-18 17:19:52.333545,1020,1,yolov2-tiny,car,66.51,1188,1,113.88,0.0,0.0,1.0,0.0,-216.051,-229.85,341.963,0.0,0.0,1.802,0
2024-03-18 17:19:52.769011,1020,1,yolov2-tiny,car,63.55,1188,1,113.88,0.0,0.0,1.0,0.0,-216.051,-229.85,341.963,0.0,0.0,1.802,0
2024-03-18 17:19:53.216393,1020,1,yolov2-tiny,car,60.12,1166,1,113.88,0.0,0.0,1.0,0.0,-216.051,-229.85,341.963,0.0,0.0,1.802,0
2024-03-18 17:19:53.629617,1020,1,yolov2-tiny,car,63.65,1166,1,113.88,0.0,0.0,1.0,0.0,-216.051,-229.85,341.963,0.0,0.0,1.802,0
2024-03-18 17:19:54.064256,1020,1,yolov2-tiny,car,64.07,1232,1,113.88,0.0,0.0,1.0,0.0,-216.051,-229.85,341.963,0.0,0.0,1.802,0
2024-03-18 17:19:54.488281,1020,1,yolov2-tiny,car,67.5,1210,1,113.88,0.0,0.0,1.0,0.0,-216.051,-229.85,341.963,0.0,0.0,1.802,0
2024-03-18 17:19:54.915082,1020,1,yolov2-tiny,car,67.28,1276,1,113.88,0.0,0.0,1.0,0.0,-216.051,-229.85,341.963,0.0,0.0,1.802,0
2024-03-18 17:19:55.345161,1020,1,yolov2-tiny,car,67.96,1210,1,113.88,0.0,0.0,1.0,0.0,-216.051,-229.85,341.963,0.0,0.0,1.802,0
2024-03-18 17:19:55.769872,1020,1,yolov2-tiny,car,67.4,1188,1,113.88,0.0,0.0,1.0,0.0,-216.051,-229.85,341.963,0.0,0.0,1.802,0
2024-03-18 17:19:56.188097,1020,1,yolov2-tiny,car,66.94,1210,1,113.88,0.0,0.0,1.0,0.0,-216.051,-229.85,341.963,0.0,0.0,1.802,0
2024-03-18 17:19:56.611491,1020,1,yolov2-tiny,car,66.66,1276,1,113.88,0.0,0.0,1.0,0.0,-216.051,-229.85,341.963,0.0,0.0,1.802,0
2024-03-18 17:19:57.036076,1020,1,yolov2-tiny,car,63.96,1232,1,113.88,0.0,0.0,1.0,0.0,-216.051,-229.85,341.963,0.0,0.0,1.802,0
2024-03-18 17:19:57.480804,1020,1,yolov2-tiny,car,65.97,1188,1,113.88,0.0,0.0,1.0,0.0,-216.051,-229.85,341.963,0.0,0.0,1.802,0
2024-03-18 17:19:57.932668,1020,1,yolov2-tiny,car,65.85,1210,1,113.88,0.0,0.0,1.0,0.0,-216.051,-229.85,341.963,0.0,0.0,1.802,0
2024-03-18 17:19:58.366260,1020,1,yolov2-tiny,car,62.0,1210,1,113.88,0.0,0.0,1.0,0.0,-216.051,-229.85,341.963,0.0,0.0,1.802,0
2024-03-18 17:19:58.792753,1020,1,yolov2-tiny,car,66.94,1210,1,113.88,0.0,0.0,1.0,0.0,-216.051,-229.85,341.963,0.0,0.0,1.802,0
2024-03-18 17:19:59.215436,1020,1,yolov2-tiny,car,65.57,1232,1,113.88,0.0,0.0,1.0,0.0,-216.051,-229.85,341.963,0.0,0.0,1.802,0
2024-03-18 17:19:59.643732,1020,1,yolov2-tiny,car,67.16,1232,1,113.88,0.0,0.0,1.0,0.0,-216.051,-229.85,341.963,0.0,0.0,1.802,0
2024-03-18 17:20:00.059101,1020,1,yolov2-tiny,car,67.57,1239,1,113.88,0.0,0.0,1.0,0.0,-216.051,-229.85,341.963,0.0,0.0,1.802,0
2024-03-18 17:20:00.487256,1020,1,yolov2-tiny,car,65.63,1254,1,113.88,0.0,0.0,1.0,0.0,-216.051,-229.85,341.963,0.0,0.0,1.802,0
2024-03-18 17:20:00.926679,1020,1,yolov2-tiny,car,68.19,1197,1,113.88,0.0,0.0,1.0,0.0,-216.051,-229.85,341.963,0.0,0.0,1.802,0
2024-03-18 17:20:01.385317,1020,1,yolov2-tiny,car,65.9,1232,1,113.88,0.0,0.0,1.0,0.0,-216.051,-229.85,341.963,0.0,0.0,1.802,0
2024-03-18 17:20:01.850637,1020,1,yolov2-tiny,car,62.56,1188,1,113.88,0.0,0.0,1.0,0.0,-216.051,-229.85,341.963,0.0,0.0,1.802,0
2024-03-18 17:20:02.315939,1020,1,yolov2-tiny,car,62.15,1166,1,113.88,0.0,0.0,1.0,0.0,-216.051,-229.85,341.963,0.0,0.0,1.802,0
2024-03-18 17:20:02.776522,1020,1,yolov2-tiny,car,66.2,1166,1,113.88,0.0,0.0,1.0,0.0,-216.051,-229.85,341.963,0.0,0.0,1.802,0
2024-03-18 17:20:03.209112,1020,1,yolov2-tiny,car,64.11,1144,1,113.88,0.0,0.0,1.0,0.0,-216.051,-229.85,341.963,0.0,0.0,1.802,0
2024-03-18 17:20:03.639690,1020,1,yolov2-tiny,car,64.1,1210,1,113.88,0.0,0.0,1.0,0.0,-216.051,-229.85,341.963,0.0,0.0,1.802,0
2024-03-18 17:20:04.055354,1020,1,yolov2-tiny,car,65.1,1254,1,113.88,0.0,0.0,1.0,0.0,-216.051,-229.85,341.963,0.0,0.0,1.802,0
2024-03-18 17:20:04.486679,1020,1,yolov2-tiny,car,64.16,1188,1,113.88,0.0,0.0,1.0,0.0,-216.051,-229.85,341.963,0.0,0.0,1.802,0
2024-03-18 17:20:04.906217,1020,1,yolov2-tiny,car,67.2,1254,1,113.88,0.0,0.0,1.0,0.0,-216.051,-229.85,341.963,0.0,0.0,1.802,0
2024-03-18 17:20:05.338861,1020,1,yolov2-tiny,car,67.35,1276,1,113.88,0.0,0.0,1.0,0.0,-216.051,-229.85,341.963,0.0,0.0,1.802,0
2024-03-18 17:20:05.756896,1020,1,yolov2-tiny,car,63.99,1210,1,113.88,0.0,0.0,1.0,0.0,-216.051,-229.85,341.963,0.0,0.0,1.802,0
2024-03-18 17:20:06.178760,1020,1,yolov2-tiny,car,65.11,1134,1,113.88,0.0,0.0,1.0,0.0,-216.051,-229.85,341.963,0.0,0.0,1.802,0
2024-03-18 17:20:06.607023,1020,1,yolov2-tiny,car,63.24,1188,1,113.88,0.0,0.0,1.0,0.0,-216.051,-229.85,341.963,0.0,0.0,1.802,0
2024-03-18 17:20:07.034099,1020,1,yolov2-tiny,car,63.03,1210,1,113.88,0.0,0.0,1.0,0.0,-216.051,-229.85,341.963,0.0,0.0,1.802,0
2024-03-18 17:20:07.468814,1020,1,yolov2-tiny,car,63.11,1232,1,113.88,0.0,0.0,1.0,0.0,-216.051,-229.85,341.963,0.0,0.0,1.802,0
2024-03-18 17:20:07.883326,1020,1,yolov2-tiny,car,63.62,1166,1,113.88,0.0,0.0,1.0,0.0,-216.051,-229.85,341.963,0.0,0.0,1.802,0
2024-03-18 17:20:08.306834,1020,1,yolov2-tiny,car,65.4,1166,1,113.88,0.0,0.0,1.0,0.0,-216.051,-229.85,341.963,0.0,0.0,1.802,0
2024-03-18 17:20:08.729015,1020,1,yolov2-tiny,car,65.45,1265,1,113.88,0.0,0.0,1.0,0.0,-216.051,-229.85,341.963,0.0,0.0,1.802,0
2024-03-18 17:20:09.167836,1020,1,yolov2-tiny,car,66.81,1254,1,113.88,0.0,0.0,1.0,0.0,-216.051,-229.85,341.963,0.0,0.0,1.802,0
2024-03-18 17:20:09.590106,1020,1,yolov2-tiny,car,69.98,1176,1,113.88,0.0,0.0,1.0,0.0,-216.051,-229.85,341.963,0.0,0.0,1.802,0
2024-03-18 17:20:10.044328,1020,1,yolov2-tiny,car,69.55,1197,1,113.88,0.0,0.0,1.0,0.0,-216.051,-229.85,341.963,0.0,0.0,1.802,0
2024-03-18 17:20:10.493261,1020,1,yolov2-tiny,car,68.81,1254,1,113.88,0.0,0.0,1.0,0.0,-216.051,-229.85,341.963,0.0,0.0,1.802,0
2024-03-18 17:20:10.951583,1020,1,yolov2-tiny,car,65.47,1276,1,113.88,0.0,0.0,1.0,0.0,-216.051,-229.85,341.963,0.0,0.0,1.802,0
2024-03-18 17:20:11.406205,1020,1,yolov2-tiny,car,64.03,1210,1,113.88,0.0,0.0,1.0,0.0,-216.051,-229.85,341.963,0.0,0.0,1.802,0
2024-03-18 17:20:11.868671,1020,1,yolov2-tiny,car,63.38,1166,1,113.88,0.0,0.0,1.0,0.0,-216.051,-229.85,341.963,0.0,0.0,1.802,0
2024-03-18 17:20:12.319185,1020,1,yolov2-tiny,car,62.11,1134,1,113.88,0.0,0.0,1.0,0.0,-216.051,-229.85,341.963,0.0,0.0,1.802,0
2024-03-18 17:20:12.769734,1020,1,yolov2-tiny,car,64.12,1210,1,113.88,0.0,0.0,1.0,0.0,-216.051,-229.85,341.963,0.0,0.0,1.802,0
2024-03-18 17:20:13.225094,1020,1,yolov2-tiny,car,65.83,1210,1,113.88,0.0,0.0,1.0,0.0,-216.051,-229.85,341.963,0.0,0.0,1.802,0
2024-03-18 17:20:13.679064,1020,1,yolov2-tiny,car,68.64,1232,1,113.88,0.0,0.0,1.0,0.0,-216.051,-229.85,341.963,0.0,0.0,1.802,0
2024-03-18 17:20:14.132536,1020,1,yolov2-tiny,car,67.34,1254,1,113.88,0.0,0.0,1.0,0.0,-216.051,-229.85,341.963,0.0,0.0,1.802,0
2024-03-18 17:20:14.595552,1020,1,yolov2-tiny,car,63.81,1254,1,113.88,0.0,0.0,1.0,0.0,-216.051,-229.85,341.963,0.0,0.0,1.802,0
2024-03-18 17:20:15.057793,1020,1,yolov2-tiny,car,68.74,1232,1,113.88,0.0,0.0,1.0,0.0,-216.051,-229.85,341.963,0.0,0.0,1.802,0
2024-03-18 17:20:15.507029,1020,1,yolov2-tiny,car,67.69,1176,1,113.88,0.0,0.0,1.0,0.0,-216.051,-229.85,341.963,0.0,0.0,1.802,0
2024-03-18 17:20:15.971391,1020,1,yolov2-tiny,car,67.85,1254,1,113.88,0.0,0.0,1.0,0.0,-216.051,-229.85,341.963,0.0,0.0,1.802,0
2024-03-18 17:20:16.426422,1020,1,yolov2-tiny,car,64.24,1232,1,113.88,0.0,0.0,1.0,0.0,-216.051,-229.85,341.963,0.0,0.0,1.802,0
2024-03-18 17:20:16.889437,1020,1,yolov2-tiny,car,61.24,1188,1,113.88,0.0,0.0,1.0,0.0,-216.051,-229.85,341.963,0.0,0.0,1.802,0
2024-03-18 17:20:17.340916,1020,1,yolov2-tiny,car,64.57,1210,1,113.88,0.0,0.0,1.0,0.0,-216.051,-229.85,341.963,0.0,0.0,1.802,0
2024-03-18 17:20:17.790903,1020,1,yolov2-tiny,car,65.23,1210,1,113.88,0.0,0.0,1.0,0.0,-216.051,-229.85,341.963,0.0,0.0,1.802,0
2024-03-18 17:20:18.247596,1020,1,yolov2-tiny,car,62.21,1166,1,113.88,0.0,0.0,1.0,0.0,-216.051,-229.85,341.963,0.0,0.0,1.802,0
2024-03-18 17:20:18.699683,1020,1,yolov2-tiny,car,64.29,1232,1,113.88,0.0,0.0,1.0,0.0,-216.051,-229.85,341.963,0.0,0.0,1.802,0
2024-03-18 17:20:19.170374,1020,1,yolov2-tiny,car,65.99,1232,1,113.88,0.0,0.0,1.0,0.0,-216.051,-229.85,341.963,0.0,0.0,1.802,0
2024-03-18 17:20:19.619799,1020,1,yolov2-tiny,car,66.38,1134,1,113.88,0.0,0.0,1.0,0.0,-216.051,-229.85,341.963,0.0,0.0,1.802,0
2024-03-18 17:20:20.080128,1020,1,yolov2-tiny,car,67.57,1254,1,113.88,0.0,0.0,1.0,0.0,-216.051,-229.85,341.963,0.0,0.0,1.802,0
2024-03-18 17:20:20.536835,1020,1,yolov2-tiny,car,64.85,1232,1,113.88,0.0,0.0,1.0,0.0,-216.051,-229.85,341.963,0.0,0.0,1.802,0
2024-03-18 17:20:20.996238,1020,1,yolov2-tiny,car,61.03,1144,1,113.88,0.0,0.0,1.0,0.0,-216.051,-229.85,341.963,0.0,0.0,1.802,0
2024-03-18 17:20:21.439653,1020,1,yolov2-tiny,car,63.76,1188,1,113.88,0.0,0.0,1.0,0.0,-216.051,-229.85,341.963,0.0,0.0,1.802,0
2024-03-18 17:20:21.896277,1020,1,yolov2-tiny,car,62.14,1210,1,113.88,0.0,0.0,1.0,0.0,-216.051,-229.85,341.963,0.0,0.0,1.802,0
2024-03-18 17:20:22.355813,1020,1,yolov2-tiny,car,61.72,1188,1,113.88,0.0,0.0,1.0,0.0,-216.051,-229.85,341.963,0.0,0.0,1.802,0
2024-03-18 17:20:22.812240,1020,1,yolov2-tiny,car,63.97,1188,1,113.88,0.0,0.0,1.0,0.0,-216.051,-229.85,341.963,0.0,0.0,1.802,0
2024-03-18 17:20:23.263216,1020,1,yolov2-tiny,car,64.61,1188,1,113.88,0.0,0.0,1.0,0.0,-216.051,-229.85,341.963,0.0,0.0,1.802,0
2024-03-18 17:20:23.721631,1020,1,yolov2-tiny,car,64.29,1188,1,113.88,0.0,0.0,1.0,0.0,-216.051,-229.85,341.963,0.0,0.0,1.802,0
2024-03-18 17:20:24.182722,1020,1,yolov2-tiny,car,65.66,1254,1,113.88,0.0,0.0,1.0,0.0,-216.051,-229.85,341.963,0.0,0.0,1.802,0
2024-03-18 17:20:24.641198,1020,1,yolov2-tiny,car,66.83,1232,1,113.88,0.0,0.0,1.0,0.0,-216.051,-229.85,341.963,0.0,0.0,1.802,0
2024-03-18 17:20:25.078893,1020,1,yolov2-tiny,car,69.6,1232,1,113.88,0.0,0.0,1.0,0.0,-216.051,-229.85,341.963,0.0,0.0,1.802,0
2024-03-18 17:20:25.551633,1020,1,yolov2-tiny,car,71.18,1218,1,113.88,0.0,0.0,1.0,0.0,-216.051,-229.85,341.963,0.0,0.0,1.802,0
2024-03-18 17:20:26.001489,1020,1,yolov2-tiny,car,68.11,1254,1,113.88,0.0,0.0,1.0,0.0,-216.051,-229.85,341.963,0.0,0.0,1.802,0
2024-03-18 17:20:26.456688,1020,1,yolov2-tiny,car,67.43,1232,1,113.88,0.0,0.0,1.0,0.0,-216.051,-229.85,341.963,0.0,0.0,1.802,0
2024-03-18 17:20:26.911422,1020,1,yolov2-tiny,car,65.02,1210,1,113.88,0.0,0.0,1.0,0.0,-216.051,-229.85,341.963,0.0,0.0,1.802,0
2024-03-18 17:20:27.364282,1020,1,yolov2-tiny,car,64.85,1166,1,113.88,0.0,0.0,1.0,0.0,-216.051,-229.85,341.963,0.0,0.0,1.802,0
2024-03-18 17:20:27.817427,1020,1,yolov2-tiny,car,63.12,1134,1,113.88,0.0,0.0,1.0,0.0,-216.051,-229.85,341.963,0.0,0.0,1.802,0
2024-03-18 17:20:28.272922,1020,1,yolov2-tiny,car,64.05,1210,1,113.88,0.0,0.0,1.0,0.0,-216.051,-229.85,341.963,0.0,0.0,1.802,0
2024-03-18 17:20:28.703042,1020,1,yolov2-tiny,car,65.75,1232,1,113.88,0.0,0.0,1.0,0.0,-216.051,-229.85,341.963,0.0,0.0,1.802,0
2024-03-18 17:20:29.120459,1020,1,yolov2-tiny,car,66.2,1176,1,113.88,0.0,0.0,1.0,0.0,-216.051,-229.85,341.963,0.0,0.0,1.802,0
2024-03-18 17:20:29.549596,1020,1,yolov2-tiny,car,66.33,1276,1,113.88,0.0,0.0,1.0,0.0,-216.051,-229.85,341.963,0.0,0.0,1.802,0
2024-03-18 17:20:29.964017,1020,1,yolov2-tiny,car,62.85,1232,1,113.88,0.0,0.0,1.0,0.0,-216.051,-229.85,341.963,0.0,0.0,1.802,0
2024-03-18 17:20:30.393679,1020,1,yolov2-tiny,car,67.35,1176,1,113.88,0.0,0.0,1.0,0.0,-216.051,-229.85,341.963,0.0,0.0,1.802,0
2024-03-18 17:20:30.818964,1020,1,yolov2-tiny,car,65.92,1232,1,113.88,0.0,0.0,1.0,0.0,-216.051,-229.85,341.963,0.0,0.0,1.802,0
2024-03-18 17:20:31.241549,1020,1,yolov2-tiny,car,63.22,1232,1,113.88,0.0,0.0,1.0,0.0,-216.051,-229.85,341.963,0.0,0.0,1.802,0
2024-03-18 17:20:31.664282,1020,1,yolov2-tiny,car,64.34,1232,1,113.88,0.0,0.0,1.0,0.0,-216.051,-229.85,341.963,0.0,0.0,1.802,0
2024-03-18 17:20:32.080142,1020,1,yolov2-tiny,car,63.67,1210,1,113.88,0.0,0.0,1.0,0.0,-216.051,-229.85,341.963,0.0,0.0,1.802,0
2024-03-18 17:20:32.509646,1020,1,yolov2-tiny,car,63.1,1188,1,113.88,0.0,0.0,1.0,0.0,-216.051,-229.85,341.963,0.0,0.0,1.802,0
2024-03-18 17:20:32.942270,1020,1,yolov2-tiny,car,62.72,1166,1,113.88,0.0,0.0,1.0,0.0,-216.051,-229.85,341.963,0.0,0.0,1.802,0
